reference_type,gene,sub_region,ref_start,ref_end
CONSENSUS_C,ENV,C0C1,0,106
CONSENSUS_B,ENV,C0C1,0,106
CONSENSUS_A,ENV,C0C1,0,106
CON_of_CONS,ENV,C0C1,0,106
HXB2,ENV,C0C1,0,107
CONSENSUS_C,ENV,C1C2,118,208
CONSENSUS_B,ENV,C1C2,118,217
CONSENSUS_A,ENV,C1C2,118,215
CON_of_CONS,ENV,C1C2,118,210
HXB2,ENV,C1C2,119,220
CONSENSUS_C,ENV,C2C3,216,354
CONSENSUS_B,ENV,C2C3,225,363
CONSENSUS_A,ENV,C2C3,223,361
CON_of_CONS,ENV,C2C3,218,355
HXB2,ENV,C2C3,228,368
CONSENSUS_C,ENV,C3C5,292,442
CONSENSUS_B,ENV,C3C5,301,455
CONSENSUS_A,ENV,C3C5,299,452
CON_of_CONS,ENV,C3C5,294,443
HXB2,ENV,C3C5,304,470
CONSENSUS_C,ENV,GP120,0,484
CONSENSUS_B,ENV,GP120,0,497
CONSENSUS_A,ENV,GP120,0,494
CON_of_CONS,ENV,GP120,0,485
HXB2,ENV,GP120,0,512
CONSENSUS_C,ENV,GP160,0,836
CONSENSUS_B,ENV,GP160,0,842
CONSENSUS_A,ENV,GP160,0,846
CON_of_CONS,ENV,GP160,0,830
HXB2,ENV,GP160,0,857
CONSENSUS_C,ENV,GP41,484,836
CONSENSUS_B,ENV,GP41,497,842
CONSENSUS_A,ENV,GP41,494,846
CON_of_CONS,ENV,GP41,485,830
HXB2,ENV,GP41,512,857
CONSENSUS_C,GAG,P17,152,244
CONSENSUS_B,GAG,P17,155,247
CONSENSUS_A,GAG,P17,155,247
CON_of_CONS,GAG,P17,155,247
HXB2,GAG,P17,155,247
CONSENSUS_C,GAG,P24,246,333
CONSENSUS_B,GAG,P24,249,336
CONSENSUS_A,GAG,P24,249,336
CON_of_CONS,GAG,P24,249,336
HXB2,GAG,P24,249,336
