reference_type,gene,regions,sequence
CON_OF_CONS,ENV,start_v1,CVTLNCT
CON_OF_CONS,ENV,end_v1,EIKNCS
CON_OF_CONS,ENV,start_v2,LDVVPID
CON_OF_CONS,ENV,end_v2,YRLINCN
CON_OF_CONS,ENV,start_v3,LDVVPID
CON_OF_CONS,ENV,end_v3,YRLINCN
CON_OF_CONS,ENV,start_v4,LFNSTWN
CON_OF_CONS,ENV,end_v4,ITLPCR
CON_OF_CONS,ENV,start_V5,LTRDGGN
CON_OF_CONS,ENV,end_V5,ETFRPGGGD
CONSENSUS_A1,ENV,start_v1,CVTLNCS
CONSENSUS_A1,ENV,end_v1,EIKNCS
CONSENSUS_A1,ENV,start_v2,LDVVQIN
CONSENSUS_A1,ENV,end_v2,YRLINCN
CONSENSUS_A1,ENV,start_v3,LDVVQIN
CONSENSUS_A1,ENV,end_v3,YRLINCN
CONSENSUS_A1,ENV,start_v4,LFNSTWN
CONSENSUS_A1,ENV,end_v4,ITLPCR
CONSENSUS_A1,ENV,start_V5,LTRDGGN
CONSENSUS_A1,ENV,end_V5,ETFRPGGGD
CONSENSUS_B,ENV,start_v1,CVTLNCT
CONSENSUS_B,ENV,end_v1,EIKNCS
CONSENSUS_B,ENV,start_v2,LDVVPID
CONSENSUS_B,ENV,end_v2,YRLISCN
CONSENSUS_B,ENV,start_v3,LDVVPID
CONSENSUS_B,ENV,end_v3,YRLISCN
CONSENSUS_B,ENV,start_v4,LFNSTWN
CONSENSUS_B,ENV,end_v4,ITLPCR
CONSENSUS_B,ENV,start_V5,LTRDGGN
CONSENSUS_B,ENV,end_V5,EIFRPGGGD
CONSENSUS_C,ENV,start_v1,CVTLNCT
CONSENSUS_C,ENV,end_v1,EIKNCS
CONSENSUS_C,ENV,start_v2,LDIVPLN
CONSENSUS_C,ENV,end_v2,YRLINCN
CONSENSUS_C,ENV,start_v3,LDIVPLN
CONSENSUS_C,ENV,end_v3,YRLINCN
CONSENSUS_C,ENV,start_v4,LFNSTYN
CONSENSUS_C,ENV,end_v4,ITLPCR
CONSENSUS_C,ENV,start_V5,LTRDGGK
CONSENSUS_C,ENV,end_V5,ETFRPGGGD
HXB2,ENV,start_v1,CVSLKCT
HXB2,ENV,end_v1,EIKNCS
HXB2,ENV,start_v2,LDIIPID
HXB2,ENV,end_v2,YKLTSCN
HXB2,ENV,start_v3,VEINCT
HXB2,ENV,end_v3,CNISRAK
HXB2,ENV,start_v4,LFNSTWF
HXB2,ENV,end_v4,ITLPCR
HXB2,ENV,start_V5,LTRDGGN
HXB2,ENV,end_V5,EIFRPGGGD
