reference_type,gene,gene_region,sequence,error
CONSENSUS_C,ENV,V1_end,([EDGQ][IMVL][KRQT]NC[ST]FN[TAIVM][TS]T),3
CONSENSUS_B,ENV,V1_end,([EDGK][IMVL][KR]NC[ST]FN[IVT][TS][TSA]),3
CONSENSUS_A,ENV,V1_end,([ED][IML][KRT]NCS[FY]N[MIVT]TT),3
CON_of_CONS,ENV,V1_end,([ED][IMV][KRQ]NC[ST]FN[IVMTA]TT),3
HXB2,ENV,V1_end,([EDGK][IMVL][KR]NC[ST]FN[IVT][TS][TSA]),3
CONSENSUS_C,ENV,V1_start,CV[TSI]L[NKETSHD]C[TSRVNKGI],3
CONSENSUS_B,ENV,V1_start,(CVTL[NHD]C[TS]),3
CONSENSUS_A,ENV,V1_start,(CV[TI]LNCS),3
CON_of_CONS,ENV,V1_start,(CVTL[NEHD]C[TSN]),3
HXB2,ENV,V1_start,(CVSL[KNHD]C[TS]),3
CONSENSUS_C,ENV,V2_end,(Y[RKIV]L[IT][NRS]CN.+?ACPK),3
CONSENSUS_B,ENV,V2_end,(Y[RTM]L[ITR][SNH]CN.+?ACPK),3
CONSENSUS_A,ENV,V2_end,(Y[RI]LINCN.+?ACPK),3
CON_of_CONS,ENV,V2_end,(Y[RI]LI[NS]CN.+?ACPK),3
HXB2,ENV,V2_end,(Y[RTM]L[ITR][SNH]CN.+?ACPK),3
CONSENSUS_C,ENV,V2_start,(A[LF]FY[RKST][LPSIT]D[IVL][VIET][PQS][LI].),3
CONSENSUS_B,ENV,V2_start,(A[LIFT]F[YND][KRNST][LYS]D[VIL][VIET][PQS][IML][DENGK]),3
CONSENSUS_A,ENV,V2_start,([SA]LFY[RK][LVST]D[IV]V[QPEK][ILM][NDGSE]),3
CON_of_CONS,ENV,V2_start,(A[LF]FY[RKST][LPSIT]D[IVL][VIET][PQS][LI].),3
HXB2,ENV,V2_start,(A[LIFT]F[YND][KRNST][LYS]D[VIL][VIET][PQS][IML][DENGK]),3
CONSENSUS_C,ENV,V3_end,([ITL][TI][LI][PQ]C[RK]IKQ[IF][IV]N.+?A[MI]YA[PS]P),3
CONSENSUS_B,ENV,V3_end,([ITL][TI][LI][PQ]C[RK]IKQ[IF][IV]N.+?A[MI]YA[PS]P),3
CONSENSUS_A,ENV,V3_end,([ITL][TI][LI][PQ]C[RK]IKQ[IF][IV]N.+?A[MI]YA[PS]P),3
CON_of_CONS,ENV,V3_end,([ITL][TI][LI][PQ]C[RK]IKQ[IF][IV]N.+?A[MI]YA[PS]P),3
HXB2,ENV,V3_end,([ITL][TI][LI][PQ]C[RK]IKQ[IF][IV]N.+?A[MI]YA[PS]P),3
CONSENSUS_C,ENV,V3_start,C[RGK]GEFFYC[ND]T[ST].LF[NTSKD],4
CONSENSUS_B,ENV,V3_start,C[RGK]GEFFYC[ND]T[ST].LF[NTSKD],4
CONSENSUS_A,ENV,V3_start,C[RGK]GEFFYC[ND]T[ST].LF[NTSKD],4
CON_of_CONS,ENV,V3_start,C[RGK]GEFFYC[ND]T[ST].LF[NTSKD],4
HXB2,ENV,V3_start,C[RGK]GEFFYC[ND]T[ST].LF[NTSKD],4
CONSENSUS_C,ENV,V4_end,(E[TI]FRP[GAED]GG),3
CONSENSUS_B,ENV,V4_end,(E[TIV]FRP[GA]GG),3
CONSENSUS_A,ENV,V4_end,(E[TI]FRPGGG),3
CON_of_CONS,ENV,V4_end,(E[TI]FRP[GA]GG),3
HXB2,ENV,V4_end,(E[TIV]FRP[GA]GG),3
CONSENSUS_C,ENV,V4_start,L[TVL]RDGG[NTKEIGDSR],3
CONSENSUS_B,ENV,V4_start,(L[TLV]RDGG[NGKSTID]),3
CONSENSUS_A,ENV,V4_start,(LTRDGG[NDGVSEI]),3
CON_of_CONS,ENV,V4_start,(L[TV]RDGG[NGTKSDI]),3
HXB2,ENV,V4_start,(L[TLV]RDGG[NGKSTID]),3
CONSENSUS_C,GAG,V1_end,(APPAESF),3
CONSENSUS_B,GAG,V1_end,(APPEESF),3
CONSENSUS_A1,GAG,V1_end,(APPAEIF),3
CON_of_CONS,GAG,V1_end,(APPAESF),3
HXB2,GAG,V1_end,(APPEESF),3
CONSENSUS_C,GAG,V1_start,(NFLQNRPEPTA),3
CONSENSUS_B,GAG,V1_start,(NFLQSRPEPTA),3
CONSENSUS_A1,GAG,V1_start,(NFPQSRPEPTA),3
CON_of_CONS,GAG,V1_start,(NFLQSRPEPTA),3
HXB2,GAG,V1_start,(NFLQSRPEPTA),3
